source,target
Seattleanderson,NTTDATA
AI_Valkyr1e,ipfconline1
AI_Valkyr1e,nvidia
aldiyaz,GeorgeCrudo
praisegreat34,kryll_io
Aure_Magik,GeorgeCrudo
thegrowthcoder,cyberg7digital
thegrowthcoder,cyberg7digital
fiyllips,ComicsByVieN
HAREShiba,ComicsByVieN
Aytrose,ComicsByVieN
ranxhy,ComicsByVieN
VJRadRick,dogecoin
VJRadRick,DOGE
VJRadRick,cb_doge
VJRadRick,Snowden
VJRadRick,realDonaldTrump
VJRadRick,YouTube
chidambara09,enilev
chidambara09,BetaMoroney
chidambara09,enilev
chidambara09,BetaMoroney
h_xneytea,wiIdemount
dotslashgabut,yanpei_cao
AkiRakiTaki,GeorgeCrudo
chidambara09,enilev
chidambara09,BetaMoroney
Pavharotti_,GeorgeCrudo
MaxvieBBB,ComicsByVieN
chidambara09,enilev
chidambara09,BetaMoroney
chidambara09,enilev
chidambara09,BetaMoroney
goldenage2049,GlazeArchives
chidambara09,enilev
chidambara09,BetaMoroney
SenBobSmith2014,mdancho84
SabineVdL,ciaobucarest
SenBobSmith2014,KirkDBorne
dimsscoooooooo,GeorgeCrudo
AnimeGrandma,OliveOilDrink
AnimeGrandma,Kwebbelkop_AI
Ayusa1000,ComicsByVieN
WanLandak28,ComicsByVieN
artist2005,OrchidProtocol
bakwanmangudin,ComicsByVieN
badabingboooom,ComicsByVieN
ranxhy,ComicsByVieN
ALarigaudrieBFM,newsinvesting
esimomez,tut_ml
esimomez,KirkDBorne
esimomez,antgrasso
esimomez,Ronald_vanLoon
MeliDraws1,GeorgeCrudo
kuiperbellt,GeorgeCrudo
benwhyzee,AdixAI
WanLandak28,ComicsByVieN
TechGovind70399,TechGovind70399
TechGovind70399,intel
