conversation_id,edit_history_tweet_ids,created_at,text,id,lang,public_metrics.retweet_count,public_metrics.reply_count,public_metrics.like_count,public_metrics.quote_count,public_metrics.bookmark_count,public_metrics.impression_count,in_reply_to_user_id,username
1904936764063482031,['1904936764063482031'],2025-03-26T16:41:31.000Z,Sudeshna Guha has been at the forefront of advancing architectural specifications for the past 19 years. Explore her contributions to improving the chip design process. #NVIDIAlife https://t.co/mQK4V0FMLQ,1904936764063482031,en,7,2,68,0,1,17694,,nvidia
1904637644103180603,"['1904630191726731693', '1904637644103180603']",2025-03-25T20:52:55.000Z,"Dive into the #GTC25 keynote with our #AI-powered chat agent, ready to answer your questions about specific moments, what was visually shown or mentioned, and provide summaries with key highlights. Built using Video Search and Summarization Blueprint (VSS) at https://t.co/RrOL0612p9",1904637644103180603,en,11,22,131,1,6,27878,,nvidia
1902835677332668880,"['1902824059056087491', '1902835677332668880']",2025-03-20T21:32:33.000Z,"Special thanks to @gilbert and @djrosent from the @Acquiredfm podcast for hosting our #GTC25 keynote pregame broadcast. The show was packed with insightful conversations, a surprise guest appearance, and all the excitement building up to our CEO Jensen Huang's keynote.

Watch the https://t.co/nISgdW7XMZ",1902835677332668880,en,14,12,137,3,5,29934,,nvidia
1902423460321874053,"['1902421082017296722', '1902423460321874053']",2025-03-19T18:14:32.000Z,"NVIDIA DGX Spark belongs to a new class computers designed to build and run AI, enabling developers to prototype, fine-tune and inference large #AI models locally and seamlessly deploy to the data center or cloud. #GTC25  https://t.co/034z4t8dhU",1902423460321874053,en,35,10,170,5,16,70080,,nvidia
1902374502488510752,['1902374502488510752'],2025-03-19T15:00:00.000Z,"Discover why tokens are the building blocks of #AI, converting raw data into intelligence that enables AI models to reason at scale.

From groundbreaking discoveries to next-gen AI systems, tokens are the key to AI inference, allowing AI factories to predict, generate, and https://t.co/rS6hScJ3Bn",1902374502488510752,en,27,10,186,6,20,29158,,nvidia
1902041054116741367,['1902041054116741367'],2025-03-18T16:55:00.000Z,"Watch Jensen Huang unveil the latest breakthroughs in AI, robotics, accelerated computing, and more in the #GTC25 keynote.

Now live ‚¨áÔ∏è https://t.co/NGOFFQFYSe",1902041054116741367,en,183,21,724,44,114,664740,,nvidia
1902012133837013210,['1902012133837013210'],2025-03-18T15:00:05.000Z,"üé• We're live with @AcquiredFM podcast hosts and special guests ahead of the #GTC25 keynote.

Tune in now: https://t.co/ndnF9mVSwF https://t.co/MGJK87NFk9",1902012133837013210,en,16,15,139,4,3,28109,,nvidia
1899514134363877658,['1899514134363877658'],2025-03-11T17:33:55.000Z,Taurean Dyer is on a mission to broaden access to technology and change the world for the better. Learn how he‚Äôs doing so in his role as a senior technical product manager for NVIDIA RAPIDS. #NVIDIAlife  https://t.co/iCdl6bqG7R,1899514134363877658,en,8,2,100,4,5,26582,,nvidia
1899170820905136523,['1899170820905136523'],2025-03-10T18:49:43.000Z,"A new #AI education initiative in the State of Utah, developed with NVIDIA, is set to advance the state‚Äôs commitment to workforce training and economic growth. https://t.co/2PaXdQ2g26",1899170820905136523,en,34,24,209,3,3,40603,,nvidia
1898074168597352560,['1898074168597352560'],2025-03-07T18:12:00.000Z,"For 16 years running, NVIDIA technologies have powered every Academy Award-nominated film for Best #VFX. This year, NVIDIA researchers are honored for their groundbreaking work in simulation, denoising, and rendering. #GTC25 https://t.co/E7mYC3MYMT",1898074168597352560,en,34,11,309,5,10,38587,,nvidia
1897421841397948917,['1897421841397948917'],2025-03-05T22:59:54.000Z,"At #GTC25, attendees can explore how nations, state and local governments, higher education and telecom companies are embracing #AI factories. https://t.co/rtLTg24glJ",1897421841397948917,en,31,8,130,2,9,35453,,nvidia
1897026806500188564,['1897026806500188564'],2025-03-04T20:50:10.000Z,"At #GTC25, industry experts will share how they‚Äôre using AI agents to drive innovation in customer service, cybersecurity, retail, automotive, financial services, healthcare, telecommunications and more.

Browse our curated #agenticAI sessions: https://t.co/8iqGQJleEb https://t.co/frUKMPQ7vC",1897026806500188564,en,32,7,171,5,3,38455,,nvidia
1896700942382510159,['1896700942382510159'],2025-03-03T23:15:18.000Z,"TSMC's new fabs will be the foundational pillar of a new technology supply chain centered in the United States. NVIDIA will fully utilize TSMC's global manufacturing network to enhance our supply agility and resilience.

Latest news from the TSMC Press Center:",1896700942382510159,en,230,36,1621,36,72,197609,,nvidia
1896612260552016332,['1896612260552016332'],2025-03-03T17:22:54.000Z,"This World Wildlife Day, learn how #AI equips global organizations and on-the-ground conservationists to save rhinos, classify sharks, detect wildfires and more: https://t.co/ForTNOkemX

#WWD2025 
@conservationx https://t.co/sDWAUukHg8",1896612260552016332,en,35,3,180,4,18,39736,,nvidia
1894882326972080223,['1894882326972080223'],2025-02-26T22:48:46.000Z,"NVIDIA is headed to @NSBE‚Äôs 2025 Annual Convention in Chicago, IL. Swing by our booth to meet the team, hear about our work, and discover opportunities to help us shape the future.

Explore how you can make an impact with us: https://t.co/5yVu66ZQa7
#NSBE2025 #NVIDIAlife https://t.co/Y460txboLz",1894882326972080223,en,31,37,193,4,11,67817,,nvidia
1894826542410199239,['1894826542410199239'],2025-02-26T19:07:06.000Z,"Up to 10,000 times more energy efficient than traditional high-resolution weather prediction, NVIDIA Earth-2‚Äôs CorrDiff model could improve disaster preparedness and save lives by enabling #AI-powered kilometer-scale forecasts.

‚û°Ô∏èhttps://t.co/VQ8hmJ5kv5
#NVIDIAResearch https://t.co/Ok4yL32Aoo",1894826542410199239,en,78,16,416,6,19,55561,,nvidia
1894455961672200344,['1894455961672200344'],2025-02-25T18:34:33.000Z,"Amphitrite, a member of the #NVIDIAInception program, uses satellite data and #AI to simulate and predict oceanic currents and weather. ‚û°Ô∏è https://t.co/nN0JAwAN54

This helps reduce travel times, fuel consumption, and, ultimately, carbon emissions. https://t.co/KWCkuS7g4V",1894455961672200344,en,29,5,176,0,10,44432,,nvidia
1894110079537840537,['1894110079537840537'],2025-02-24T19:40:08.000Z,"Meet Malcolm Gutenburg, a thermal engineer at NVIDIA who turns big ideas into reality across our company‚Äôs products: https://t.co/a4tFsdCdu6 #NVIDIAlife https://t.co/tPZYnOjW1y",1894110079537840537,en,17,8,192,5,8,45750,,nvidia
1892995292183634251,['1892995292183634251'],2025-02-21T17:50:22.000Z,"AI built for speech is now decoding the language of earthquakes.  

Using speech recognition AI, scientists are able to decode seismic activity, uncovering patterns that could one day help predict earthquakes. Learn more: https://t.co/d5bDvzWFDl https://t.co/Q3Wtu3Zs9a",1892995292183634251,en,47,26,250,6,15,44649,,nvidia
1892678283809923532,['1892678283809923532'],2025-02-20T20:50:41.000Z,"Today we unveiled a new #AI platform, Signs, for teaching how to use American Sign Language. 

Signs guides ASL learners through the process of forming words, using machine learning and computer vision to assess progress.

Learn more: https://t.co/JpYL1QA2uF https://t.co/WwWGmJAt0f",1892678283809923532,en,89,16,412,9,44,60724,,nvidia
1890499621182427390,['1890499621182427390'],2025-02-14T20:33:28.000Z,"Maggie Zhang, a software engineer at NVIDIA, is passionate about how systems can help efficiently solve the world‚Äôs greatest challenges. Learn more about their role evaluating NVIDIA NIM microservices: https://t.co/GrE90lbX1m #NVIDIAlife https://t.co/VpXkJHiAOK",1890499621182427390,en,24,0,181,0,5,38626,,nvidia
1889403545402675696,['1889403545402675696'],2025-02-11T19:58:03.000Z,"Our contributions to accelerating medical imaging, genomics, computational chemistry and #AI-powered robotics were honored Friday at the Precision Medicine World Conference, where our founder and CEO Jensen Huang received a Luminary award.

Learn more on our blog: https://t.co/NkUdQwDk3B",1889403545402675696,en,75,16,388,6,8,43255,,nvidia
1886862540266975517,['1886862540266975517'],2025-02-04T19:41:00.000Z,"Working with @calstate, we look forward to training more than 460,000 students and 63,000 faculty and staff to use advanced #AI technologies to help unlock economic opportunities and drive innovation. https://t.co/a1Xc3Dxjbd",1886862540266975517,en,66,10,304,5,21,75633,,nvidia
1885383291366240617,['1885383291366240617'],2025-01-31T17:43:00.000Z,Andres Diaz-Pinto is on a mission to change lives by creating new frontiers in healthcare. Discover how his work accelerates the adoption of deep learning in medical imaging. #NVIDIAlife https://t.co/eDTJPlaLeb,1885383291366240617,en,25,8,159,6,11,47801,,nvidia
1885112399113707896,['1885112399113707896'],2025-01-30T23:46:34.000Z,The open source DeepSeek-R1 model is now available as an NVIDIA NIM microservice preview on https://t.co/bBiHtSVqqK to help developers securely experiment with its advanced AI reasoning capabilities. https://t.co/jXVv9UaEY8,1885112399113707896,en,337,0,1643,79,277,472144,,nvidia
1880316050987724888,['1880316050987724888'],2025-01-17T18:07:35.000Z,"Kazuki Onodera, a Kaggle grandmaster, never expected his childhood hobby to inform his life‚Äôs work. Learn how he turned his passion for games into real impact. #NVIDIAlife https://t.co/wXqOkY4XYI",1880316050987724888,en,26,7,218,2,20,74120,,nvidia
1880034245466259739,['1880034245466259739'],2025-01-16T23:27:48.000Z,"Introducing #NVIDIACosmos, the world foundation model platform built to advance physical #AI. Learn how, through integrations with @NVIDIAOmniverse, developers can create physics-based, geospatially accurate scenarios. Watch the #CES2025 demo ‚û°Ô∏è https://t.co/SKscfItSa0 https://t.co/6yzVSlwwuw",1880034245466259739,en,200,17,850,40,106,139334,,nvidia
1879671198461931612,['1879671198461931612'],2025-01-15T23:25:10.000Z,"Witness groundbreaking #AI-powered innovations. ‚ú®

Watch the #CES2025 demo to see the latest across gaming, automotive, manufacturing, robotics and more: https://t.co/P9yJuuQwaN https://t.co/u99rKWPvov",1879671198461931612,en,105,18,582,15,56,66518,,nvidia
1879284924647108805,['1879284924647108805'],2025-01-14T21:50:16.000Z,"Check out the NVIDIA #CES2025 keynote highlights, featuring groundbreaking AI innovations in gaming, creative tools, robotics, and automotive. https://t.co/j4C54kMVdf https://t.co/F4rd5eQpuC",1879284924647108805,en,55,6,354,2,15,50367,,nvidia
1879233778893148487,['1879233778893148487'],2025-01-14T18:27:02.000Z,"Author Tae Kim joins Erik Torenberg and Byrne Hobart to discuss his book 'The NVIDIA Way,' highlighting CEO Jensen Huang's transformation of NVIDIA into a tech giant, the company's unique culture, and crucial strategic decisions. https://t.co/FIx5IatFNg",1879233778893148487,en,29,6,149,1,14,39802,,nvidia
1878747714261016908,"['1878747422257459655', '1878747714261016908']",2025-01-13T10:15:35.000Z,"The Biden Administration's ""AI Diffusion"" rule will stifle innovation and undermine America‚Äôs global technology leadership. Restricting access to mainstream computing risks derailing AI progress for industries at home and abroad. 

America‚Äôs strength lies in innovation and",1878747714261016908,en,1538,155,9428,567,865,2035668,,nvidia
1877860879233957932,['1877860879233957932'],2025-01-10T23:31:37.000Z,"We had a great week at #CES2025. 

Watch the recap of our CEO Jensen Huang‚Äôs keynote that unveiled groundbreaking advancements across #AI and computing, including our partnerships and innovations that are transforming industries. https://t.co/L90v02AST1",1877860879233957932,en,79,11,354,7,28,58052,,nvidia
1877135662098559051,"['1877135427498553435', '1877135662098559051']",2025-01-08T23:29:51.000Z,"Introducing the NVIDIA Project DIGITS personal AI supercomputer, powered by the GB10 Grace Blackwell Superchip: https://t.co/sHjW920BE4

Project DIGITS enables developers to prototype, fine-tune and inference models locally and seamlessly deploy at scale to the data center or https://t.co/UZwm1evrzU",1877135662098559051,en,102,47,538,12,56,50425,,nvidia
1877077647206805888,['1877077647206805888'],2025-01-08T19:39:20.000Z,"Discover how the #AIFactory generates tokens to help build a future filled with endless possibilities‚Äîaccelerated by human ingenuity and NVIDIA.

Watch the video: https://t.co/kmuED73Psd 
#CES2025 https://t.co/8qWFNHnu24",1877077647206805888,en,42,6,280,3,14,42085,,nvidia
1876716027712512026,"['1876715089543193044', '1876716027712512026']",2025-01-07T19:42:23.000Z,"Our founder and CEO Jensen Huang kicked off #CES2025 with a news-packed keynote that included new products to advance gaming, autonomous vehicles, robotics, and agentic #AI. @CES 

Catch up on the latest announcements and watch the replay: https://t.co/dZatkjFUu2",1876716027712512026,en,88,16,540,18,31,73218,,nvidia
1876687620459368922,"['1876685138740052324', '1876687620459368922']",2025-01-07T17:49:30.000Z,"#CES2025 attendees have a chance to enter our #ExploreToWin sweepstakes. Learn how‚û°Ô∏è https://t.co/fuJGe4mGwl
@CES https://t.co/5RRZHS10fq",1876687620459368922,en,13,16,159,0,6,64112,,nvidia
1876484019535396955,['1876484019535396955'],2025-01-07T04:20:28.000Z,"Announcing NVIDIA Project DIGITS, a personal AI supercomputer that‚Äôs powered by the NVIDIA GB10 Superchip and based on #NVIDIAGraceBlackwell architecture. https://t.co/KTemx5PYND

Preconfigured with the NVIDIA AI software stack, developers, researchers, data scientists and https://t.co/h6GRSMxHGp",1876484019535396955,en,834,166,4008,510,855,1340042,,nvidia
1876452445490156009,['1876452445490156009'],2025-01-07T02:15:00.000Z,"Watch our CEO Jensen Huang's #CES2025 keynote for an exclusive look at groundbreaking innovations in AI, gaming, robotics, and beyond.",1876452445490156009,en,445,72,1940,165,252,429647,,nvidia
1875237227422257232,['1875237227422257232'],2025-01-03T17:46:09.000Z,"Join us next Monday on January 6 at 6:30pm PT as our CEO Jensen Huang takes the stage for the #CES2025 keynote: https://t.co/woWnawG9wf

Discover how our latest technologies are driving advancements in #AI, gaming, virtual worlds, autonomous vehicles, and more. @CES https://t.co/HiA5GCFrkG",1875237227422257232,en,371,45,1570,87,131,416404,,nvidia
1874963131618791807,['1874963131618791807'],2025-01-02T23:37:00.000Z,"From treating cancer to revolutionizing recycling, #AI can help solve some of humanity's most pressing and complex problems. https://t.co/ztihOK0qa0",1874963131618791807,en,93,12,422,13,29,81976,,nvidia
1873787589884576168,"['1873787483978084573', '1873787589884576168']",2024-12-30T17:45:49.000Z,We‚Äôre delighted to welcome the Run:ai team to NVIDIA. https://t.co/us7p6rnvYl,1873787589884576168,en,182,10,1208,33,96,164626,,nvidia
1870176556842385679,"['1870174792764260510', '1870174915007262746', '1870174984573989177', '1870176556842385679']",2024-12-20T18:36:52.000Z,"Over the course of four weeks, NVIDIANs were encouraged to make a difference by using their collective superpower ‚Äî kindness. Employees logged more than 13,000 volunteer hours and contributed $5.5 million in donations and company matching ‚Äî while supporting more than 2,000 https://t.co/9iMPfAhVT9",1870176556842385679,en,32,8,210,2,9,52170,,nvidia
1869907428587810965,['1869907428587810965'],2024-12-20T00:47:26.000Z,"NVIDIA Blackwell is transforming AI with its full-platform approach‚Äîhigh-performance hardware, cutting-edge software, next-generation networking, and unmatched ecosystem support.

Explore the full story in @YahooFinance's coverage: https://t.co/kjoIo8kuxR
#NVIDIABlackwell
#AI",1869907428587810965,en,121,13,644,6,27,64135,,nvidia
1869822997176955180,['1869822997176955180'],2024-12-19T19:11:56.000Z,"Give yourself the gift of gorgeous hair this holiday season.üéÅ Try on stunning hair colors and festive styles virtually with @UltaBeauty's Hair Try-On App. üëâhttps://t.co/DnRQLCU5Ae Holiday hair magic starts here, powered by NVIDIA StyleGAN 2. #NVIDIAResearch https://t.co/BRgSPttKV9",1869822997176955180,en,26,7,148,3,11,42829,,nvidia
1868753213903847617,"['1868750564865053038', '1868753213903847617']",2024-12-16T20:21:00.000Z,"On Jan. 6 at 6:30 p.m. PT, our founder and CEO Jensen Huang will keynote at #CES2025. Our technologies will take center stage at @CES, where our partners will highlight #AI-powered technologies, immersive gaming experiences and automotive advancements. https://t.co/nnAETdXGU4",1868753213903847617,en,281,34,1278,62,103,371745,,nvidia
1867259776087773530,['1867259776087773530'],2024-12-12T17:26:37.000Z,"As the New Year approaches, we wish you peace, joy, and cherished moments with those who matter most. #HappyHolidays from NVIDIAüåü https://t.co/ukIN45gz8F",1867259776087773530,en,64,15,458,4,15,49799,,nvidia
1866601855716897093,['1866601855716897093'],2024-12-10T21:52:16.000Z,"GPU-powered breakthroughs in neural networks and protein prediction have won @NobelPrize honors, heralding a new era for science and industry. Congratulations to new Nobel Prize Laureates John Hopfield, Geoffrey Hinton, Demis Hassabis, and John Jumper. #AI https://t.co/8qU07meOdg",1866601855716897093,en,53,7,276,10,17,46084,,nvidia
1865180859432865930,['1865180859432865930'],2024-12-06T23:45:44.000Z,"The Global Semiconductor Alliance awarded NVIDIA with three prestigious awards, including ‚ÄúMost Respected Public Semiconductor Company.‚Äù Thank you, @GlobalSemi and our global ecosystem partners. We‚Äôre honored to receive this recognition and look forward to continuing to advance https://t.co/Zie7kVfDwD",1865180859432865930,en,54,19,351,5,5,49931,,nvidia
1865082731471999160,['1865082731471999160'],2024-12-06T17:15:49.000Z,"In 2012, a deep learning model called AlexNet shocked the world by winning a computer image recognition contest by a huge margin. Powered by NVIDIA GPUs, this success sparked  the ‚ÄúBig Bang‚Äù of modern #AI, paving the way for today's breakthroughs. #NVIDIAStory",1865082731471999160,en,72,13,439,8,55,228385,,nvidia
1864715633113600282,"['1864715531783184678', '1864715633113600282']",2024-12-05T16:57:06.000Z,"Discover how Shriya Rishab, senior deep learning engineer at NVIDIA, is helping to set the bar for what‚Äôs next in AI. #NVIDIAlife https://t.co/fSAR9YnyLw",1864715633113600282,en,21,3,141,4,5,30351,,nvidia
1864380816156959039,['1864380816156959039'],2024-12-04T18:46:39.000Z,"We are expanding our partnership with @AWS to supercharge #AI inference. NVIDIA NIM microservices are now available across AWS services, resulting in faster AI training and inference and lower latency for generative AI applications. #AWSreInvent https://t.co/folGqAgMn2",1864380816156959039,en,60,5,250,8,13,35966,,nvidia
1864031540134416649,['1864031540134416649'],2024-12-03T19:38:45.000Z,"Our software and accelerated computing integrations, including NVIDIA Blackwell, offer full-stack platforms for advancing enterprise development on @AWS. 

Learn more about our announcements at #AWSreInvent ‚¨áÔ∏è https://t.co/SrN39UohI9",1864031540134416649,en,71,9,362,10,14,40733,,nvidia
1863985988852404572,"['1863985545686188256', '1863985868828229903', '1863985988852404572']",2024-12-03T16:37:45.000Z,"A recent survey shows only 35% of educators think #AI developers consider the needs of students with IDD. 

Hear how @sarasminkara  and @TimShriver from @SpecialOlympics tackle this topic on the latest NVIDIA AI Podcast: https://t.co/GzSy5Qefdh #IDPD",1863985988852404572,en,18,6,118,2,4,31852,,nvidia
1861473788686156172,['1861473788686156172'],2024-11-26T18:15:10.000Z,"Gain insights from NVIDIA experts on how industries such as healthcare, telecom, energy, automotive, retail, entertainment, and robotics will be utilizing #generativeAI in 2025. #AgenticAI https://t.co/TuZkmGw27V",1861473788686156172,en,41,6,162,5,12,34625,,nvidia
1859700408442069167,['1859700408442069167'],2024-11-21T20:48:23.000Z,"Discover how @ENERGY's AI initiatives are transforming science, industry, and government. In the latest NVIDIA AI Podcast, the U.S. Department of Energy's chief AI officer, Helena Fu, discusses the department's groundbreaking efforts. #AIpodcast https://t.co/SuqK0M8g7I",1859700408442069167,en,31,7,145,0,3,36735,,nvidia
1859273002140963317,['1859273002140963317'],2024-11-20T16:30:01.000Z,"Mark your calendars for #CES2025, taking place January 6-10. Join us in Las Vegas for our CEO Jensen Huang‚Äôs opening keynote, insightful speaker panels, and immersive demos showcasing the latest tech innovations.

Register for CES: https://t.co/IZ13HcfRyl
@CES https://t.co/lzBNy5qC3s",1859273002140963317,en,123,27,569,16,48,221923,,nvidia
1858921932105646326,['1858921932105646326'],2024-11-19T17:15:00.000Z,"At #MSIgnite 2024, we unveiled groundbreaking product integrations designed to elevate full-stack NVIDIA #AI on @Microsoft applications. https://t.co/apK71rhFXf",1858921932105646326,en,96,21,496,7,23,69380,,nvidia
1858914748605292655,"['1858914511681376734', '1858914748605292655']",2024-11-19T16:46:27.000Z,"We kicked off #SC24 with a wave of AI and #supercomputing tools, set to revolutionize industries from biopharma to climate science. https://t.co/DHjKyUtmOD",1858914748605292655,en,63,2,292,3,12,41735,,nvidia
1858574644569157951,['1858574644569157951'],2024-11-18T18:15:00.000Z,The NVIDIA #SC24 Virtual Special Address has started. Tune in to hear an in-depth overview of our latest innovations. https://t.co/4s18ddsvtt,1858574644569157951,en,52,9,210,7,33,160160,,nvidia
1857477093002485888,['1857477093002485888'],2024-11-15T17:33:43.000Z,"NVIDIA is named the No. 1 best company to work for in America, according to @Forbes. Discover why it‚Äôs like no place you‚Äôve ever worked. #NVIDIAlife https://t.co/HbQLmcDpqz",1857477093002485888,en,81,19,481,6,40,203538,,nvidia
1856855603781554387,['1856855603781554387'],2024-11-14T00:24:09.000Z,"Join us at #MSIgnite next week, Nov 19-22: https://t.co/XCXjbzJ3Ck

Don't miss the opportunity to meet NVIDIA AI experts, experience hands-on demos in the NVIDIA booth, and attend a broad range of insightful sessions to explore how to accelerate your work with @Microsoft.",1856855603781554387,en,24,1,105,0,6,36097,,nvidia
1856768713208590651,['1856768713208590651'],2024-11-13T18:38:52.000Z,"At #AIsummit, our founder and CEO Jensen Huang and SoftBank Chairman and CEO Masayoshi Son shared a sweeping vision for Japan‚Äôs role in the AI revolution. Learn how the country is poised to create both digital and physical #AI. @sbnews9434 https://t.co/lvMMZ6XZGH",1856768713208590651,en,51,12,196,3,12,33782,,nvidia
1852402808202396004,['1852402808202396004'],2024-11-01T17:30:20.000Z,"Education is a lifelong endeavor for Gary Yau, a senior quality assurance engineer at NVIDIA. Discover how he‚Äôs advanced his skills and career with the help of our continuing education benefits. #NVIDIAlife https://t.co/AeRJiDMNbg",1852402808202396004,en,24,6,151,2,13,41294,,nvidia
1851313066618818966,['1851337454701461672'],2024-10-29T18:57:00.000Z,"A behind-the-scenes look at how this #NVIDIAHalloween costume was created ‚Äî great work, mom! https://t.co/rMONyiDrxh",1851337454701461672,en,7,0,54,0,2,26075,61559439,nvidia
1851313066618818966,['1851313066618818966'],2024-10-29T17:20:05.000Z,"We spotted mini-Jensen in Taiwan, well-crafted GPUs in hand! In the spirit of the season, tag your costumes #NVIDIAHalloween for the chance to be featured on our Threads channel (https://t.co/0M1BmEUkoD) all week. #HalloweenCostume https://t.co/ZGPmhnwWku",1851313066618818966,en,49,6,390,12,16,62531,,nvidia
1850933901986074896,"['1850932597859512564', '1850933901986074896']",2024-10-28T16:13:25.000Z,".@xAI's Colossus in Memphis, the world's largest AI supercomputer with 100,000 NVIDIA Hopper GPUs, achieves new heights with NVIDIA Spectrum-X Ethernet. A testament to NVIDIA's dedication to #AI progress.

Read more: https://t.co/NDSMpQKbGl https://t.co/KpLpWg3Ao1",1850933901986074896,en,779,136,4431,161,392,525993,,nvidia
1849913325250867243,['1849913325250867243'],2024-10-25T20:38:01.000Z,"Join us at this year‚Äôs SHPE National Convention. Whether you‚Äôre interested in internships, full-time opportunities, or want to learn more about the innovative work we‚Äôre doing, our team is excited to connect with you. https://t.co/Y9OGP9zpvb #SHPE2024 https://t.co/EtxVrGLOoQ",1849913325250867243,en,20,4,97,0,4,32831,,nvidia
1849548716467708124,['1849548716467708124'],2024-10-24T20:29:11.000Z,"At our #AIsummit in Mumbai, our CEO Jensen Huang and Reliance Industries Chairman Mukesh Ambani discussed #AI infrastructure investments that will revolutionize industries and position India as a global leader. Read the recap on our blog: https://t.co/UfiDKRnpMA @RIL_Updates",1849548716467708124,en,69,6,317,12,14,66936,,nvidia
1848779736660480100,['1848779736660480100'],2024-10-22T17:33:32.000Z,"At the #AIsummit in Washington, D.C., policymakers, civil servants, and industry leaders experienced the transformative impact of #AI firsthand.

Access session replays, now available to watch on demand: https://t.co/Er4j99MIaD

Watch the event recap: https://t.co/aJvSH9AQWp https://t.co/MoimAub3XW",1848779736660480100,en,26,4,137,3,8,36549,,nvidia
1848519251763605928,"['1848510544870846792', '1848519251763605928']",2024-10-22T00:18:28.000Z,"Don‚Äôt miss this visionary conversation with our CEO Jensen Huang and @Gartner_inc‚Äôs Daryl Plummer on #AI, leadership, and innovating the future. https://t.co/d3LTl6o3C9 #GartnerSYM https://t.co/kuEAkLLsER",1848519251763605928,en,27,3,127,2,9,36452,,nvidia
1848434113180537114,['1848434113180537114'],2024-10-21T18:40:09.000Z,"At #HLTH2024, we're thrilled to announce our partnership with @Microsoft, providing AI startups from the #NVIDIAInception and @msft4startups programs with access to essential tools and resources to solve complex healthcare challenges. https://t.co/8mIMMMsFCc https://t.co/Dc9kbywCF3",1848434113180537114,en,33,3,150,2,11,33862,,nvidia
1847319034737357296,['1847319034737357296'],2024-10-18T16:49:14.000Z,Ruixuan Li is leading the way in developing GPU architecture. Explore her journey as she works on defining next-generation #AI technology. #NVIDIAlife https://t.co/dHljVTjcqW,1847319034737357296,en,13,2,131,2,4,30786,,nvidia
1846579515541033218,['1846579515541033218'],2024-10-16T15:50:38.000Z,"At #LenovoTechWorld, our CEO Jensen Huang joined Lenovo CEO Yuanqing Yang to introduce Lenovo Hybrid AI Advantage with NVIDIA and unveil new solutions featuring @Lenovo's latest Neptune liquid-cooling technology for #NVIDIABlackwell. https://t.co/uhCReSHBBD",1846579515541033218,en,44,7,221,5,5,41381,,nvidia
1845872178488922472,['1845872178488922472'],2024-10-14T16:59:56.000Z,"Dion Harris, NVIDIA Data Center Product Marketing Head, highlights how our NVIDIA Blackwell platform provides 25x lower cost and energy consumption for generative #AI model inference than our previous generation‚Äîenabling industries to optimize #datacenter productivity. https://t.co/cDMG6woDXk",1845872178488922472,en,45,5,175,2,10,44856,,nvidia
1844050050227540204,"['1844049544704606628', '1844050050227540204']",2024-10-09T16:19:27.000Z,"Boost your application performance and ROI with our ongoing optimizations of leading #LLMs, designed to deliver high throughput and low latency for real-time demands. Learn more: https://t.co/bwnTJDZeMb https://t.co/uRu8TGu7bS",1844050050227540204,en,47,3,252,2,6,33337,,nvidia
1843759150326788435,"['1843758325554364856', '1843758908340613611', '1843759045523722732', '1843759150326788435']",2024-10-08T21:03:31.000Z,"Today at #AIsummit, VP of Enterprise Platforms Bob Pette highlighted how our accelerated computing platform is critical to the next wave of industrial, cybersecurity, scientific and healthcare transformations. https://t.co/gbNd8N4zwi #AI",1843759150326788435,en,30,1,175,1,6,34177,,nvidia
1843709817430651197,"['1843708496715624528', '1843709817430651197']",2024-10-08T17:47:29.000Z,"#NVIDIABlackwell has arrived. @OpenAI , we‚Äôre excited to see what you can do with one of the first engineering builds of the #NVIDIADGX B200 system.

Learn more about DGX B200 here: https://t.co/6oGaZuPkSV https://t.co/4kjHWukKb5 https://t.co/SGQstED295",1843709817430651197,en,192,26,1087,35,75,196931,,nvidia
1843334688351322574,['1843334688351322574'],2024-10-07T16:56:51.000Z,"Tune in to the #CES2025 opening keynote by our CEO Jensen Huang live in Las Vegas on Monday, January 6, at 6:30 p.m. PT. https://t.co/kMkKNXvRge https://t.co/Adv1WfVPvj",1843334688351322574,en,134,14,729,29,60,69016,,nvidia
1842235321125060934,['1842235321125060934'],2024-10-04T16:08:22.000Z,"Discover the career journey of NVIDIA solutions architect Inaki Madrigal, whose passion for customer success led him to a four-month rotation with our applied systems engineering team. #NVIDIAlife https://t.co/EgVdoVh1Wg",1842235321125060934,en,16,1,93,0,2,28428,,nvidia
1841984056361156989,['1841984056361156989'],2024-10-03T23:29:56.000Z,Our CEO Jensen Huang joined @Accenture CEO Julia Sweet to discuss how the newly launched Accenture NVIDIA Business Group is set to revolutionize how businesses operate by combining Accenture‚Äôs cutting-edge AI Refinery with the full NVIDIA AI stack. https://t.co/P7s8zKILLH,1841984056361156989,en,47,1,192,2,11,31434,,nvidia
1841910848010502457,['1841910848010502457'],2024-10-03T18:39:01.000Z,Explore AI's role in energy efficiency with NVIDIA‚Äôs Josh Parker. Learn how GPUs and #AI are transforming energy use and aiding climate solutions. üéß Tune in now: https://t.co/Lr2xwbd4ZS #EnergyEfficiency,1841910848010502457,en,32,0,139,1,10,30586,,nvidia
1841515550930845724,['1841515550930845724'],2024-10-02T16:28:15.000Z,We‚Äôre thrilled to be part of the Grace Hopper Celebration this October. Join us in the Expo Hall as we celebrate and empower #WomenInTechnology at #GHC24. Come discover why NVIDIA is like no other place you‚Äôve ever worked. https://t.co/UDOx1EgRvK https://t.co/MWJS0svRHY,1841515550930845724,en,25,3,122,1,1,29220,,nvidia
1841181098606248443,['1841181098606248443'],2024-10-01T18:19:16.000Z,"On October 7-9 policy and industry leaders will gather in Washington, D.C. for #AISummit to discuss how #AI addresses some of society‚Äôs most significant challenges in healthcare, cybersecurity, manufacturing and more. Virtual registration is now open.  https://t.co/wqrtlMYDDt",1841181098606248443,en,52,5,237,11,10,58477,,nvidia
1839703493356994979,['1839703493356994979'],2024-09-27T16:27:47.000Z,Discover how NVIDIA executive assistant Jaime Miller is redefining the perception of administrative roles and driving IT innovation. #NVIDIAlife https://t.co/XQbJdENks2,1839703493356994979,en,16,0,123,0,11,28271,,nvidia
1838981406598561852,"['1838976888875737329', '1838981406598561852']",2024-09-25T16:38:28.000Z,"The @sangerinstitute is using NVIDIA GPUs and Parabricks to accelerate cancer research, saving up to $1M and 1,000 MWh annually. #sustainablecomputing #AIforGood https://t.co/npzKISFqnC",1838981406598561852,en,50,2,196,1,11,30961,,nvidia
1838721769248526515,['1838721769248526515'],2024-09-24T23:26:46.000Z,"We‚Äôve joined the U.S. government in the launch of the Partnership for Global Inclusivity on AI, providing Deep Learning Institute training, GPU credits and hardware and software grants to help make the benefits of safe and trustworthy AI accessible to all. https://t.co/ScZJR0wd2f",1838721769248526515,en,48,2,168,1,10,30076,,nvidia
1837158027612328324,['1837295828060557627'],2024-09-21T01:00:35.000Z,"We would like to correct the previous statement of ""By the end of January, all NVIDIA operations will run on renewable energy."" What we meant is: ""By the end of January, all the electricity that powers NVIDIA‚Äôs global operations will come from renewable sources.""",1837295828060557627,en,11,0,130,0,3,32058,61559439,nvidia
1837207705448026210,['1837207705448026210'],2024-09-20T19:10:25.000Z,"We are collaborating with @TMobile to advance the future of telecom: https://t.co/8ZhjlSQTi1

At T-Mobile‚Äôs Capital Markets Day, our CEO Jensen Huang joined T-Mobile CEO Mike Sievert to discuss how AI-RAN will optimize network performance, energy efficiency, and provide new https://t.co/yMrKhVlbkz",1837207705448026210,en,43,6,187,1,10,31542,,nvidia
1837158027612328324,"['1837152238579380499', '1837158027612328324']",2024-09-20T15:53:01.000Z,"By the end of January, all NVIDIA operations will run on renewable energy. Join us at #NYClimateWeek 2024 as we harness AI for sustainability and celebrate energy efficiency gains. Let's build a greener future. üåç https://t.co/S1eUt3HEcW #ClimateAction https://t.co/KQ6AFVbSDE",1837158027612328324,en,61,5,315,13,6,44482,,nvidia
1836858380159205770,['1836858380159205770'],2024-09-19T20:02:19.000Z,"Don't miss the #AIsummit special address from NVIDIA's Bob Pette. You‚Äôll learn how our accelerated computing platform is delivering breakthrough performance in the next wave of #AI, sensor processing, digital twins, cybersecurity, autonomous systems, sustainable computing, and https://t.co/NyuEsPj3Sh",1836858380159205770,en,40,1,156,1,6,31444,,nvidia
1836514439916601812,['1836514439916601812'],2024-09-18T21:15:37.000Z,Watch our CEO Jensen Huang and @salesforce CEO Marc Benioff on stage at Dreamforce for a fascinating #AI discussion on building the future with AI Agents and more: https://t.co/95Nm3Yxj9x https://t.co/ZFhSSLbyMw,1836514439916601812,en,39,2,240,2,10,47596,,nvidia
1836429221440172484,['1836429221440172484'],2024-09-18T15:37:00.000Z,"We're collaborating with @TMobile to transform telecommunications networks into AI computing infrastructure. AI-RAN‚Äîpowered by NVIDIA AI Aerial‚Äîwill revolutionize the telecommunications industry, paving the way to AI-powered networks. Watch the full video: https://t.co/BDBXiVSiT8",1836429221440172484,en,56,0,237,9,16,33310,,nvidia
1835717994330157133,['1835717994330157133'],2024-09-16T16:30:50.000Z,".@volvocars rolls out the EX90 SUV, first vehicle in its EV lineup built on @NVIDIADRIVE Orin, running NVIDIA DriveOS; Announces plans to integrate NVIDIA DRIVE Thor in future models and taps NVIDIA DGX for advanced #AI training. https://t.co/RmQONvrB8m",1835717994330157133,en,43,7,190,3,10,32577,,nvidia
1834623071908499557,['1834623071908499557'],2024-09-13T16:00:00.000Z,Kaushal Agarwal‚Äôs passion for technology runs deep. Discover how he‚Äôs inspired by the rapid advancements in next-generation memory subsystem architecture. https://t.co/tZGk3DkG4C #NVIDIAlife https://t.co/BPPrg7l88B,1834623071908499557,en,21,30,164,2,7,27539,,nvidia
1834260692385276347,['1834260692385276347'],2024-09-12T16:00:02.000Z,"At #OCW24, @Oracle announced the first zettascale OCI Supercluster accelerated by the #NVIDIABlackwell platform, allowing customers to train and deploy next-generation #AI models at scale. Learn more: https://t.co/qYKCDAWK7S https://t.co/wuSCUgSXyX",1834260692385276347,en,51,9,272,7,12,36560,,nvidia
1831812756535963944,"['1831811833235227100', '1831812756535963944']",2024-09-05T21:52:49.000Z,"Honored to announce that our CEO Jensen Huang will receive the Charles F. Jenkins Lifetime Achievement Award during the 76th Engineering, Science &amp; Technology #Emmy Awards. Jensen is being recognized for contributing significant advancements to television technology and https://t.co/5rMHGRMIYf",1831812756535963944,en,45,10,267,6,10,34332,,nvidia
1831374423737217087,['1831374423737217087'],2024-09-04T16:51:02.000Z,"GeForce RTX GPUs power best-in-class AI PCs for advanced AI in gaming, content creation and more.

Get a sneak peek ahead of @ifa_berlin kicking off in this week's #AIDecoded blog. https://t.co/jkEBDCCIkk",1831374423737217087,en,30,12,161,3,7,30492,,nvidia
1831008393982578941,['1831008393982578941'],2024-09-03T16:36:34.000Z,"At #OCW24, we are teaming up with Oracle to accelerate AI and data processing. https://t.co/x3UmAA24j4

Visit the Data &amp; AI Pavilion and watch our sessions to learn how our accelerated computing platform is enabling organizations to build, customize, and deploy #generativeAI.",1831008393982578941,en,34,7,146,3,2,31291,,nvidia
1829552154966680059,['1829552154966680059'],2024-08-30T16:09:59.000Z,"After a decade in software engineering, MBA intern Margaret Zhang sought new ways to apply her technical skills. Read more about her work this summer as a product management intern on NVIDIA‚Äôs enterprise platform team. #NVIDIAlife https://t.co/GFFqAAr1fe",1829552154966680059,en,24,23,155,3,7,36517,,nvidia
1828811332558139709,['1828811332558139709'],2024-08-28T15:06:14.000Z,"In the latest round of #MLPerf industry benchmarks, the first submission of NVIDIA Blackwell delivered up to 4X more performance on #Llama 2 70B, while the NVIDIA H200 Tensor Core GPU continued to deliver outstanding results across every data center test. https://t.co/q6C8bHyg9o",1828811332558139709,en,92,4,354,12,21,69019,,nvidia
1828448007685095553,['1828448977798472090'],2024-08-27T15:06:21.000Z,@Accenture @DeloitteUS @SoftServeInc @wwt_inc @ciscoDC @DellTech @HPE @LenovoDC,1828448977798472090,qam,10,0,57,0,3,35351,61559439,nvidia
1828448007685095553,['1828448007685095553'],2024-08-27T15:02:30.000Z,"Announcing NVIDIA NIM Agent Blueprints, reference applications for every enterprise to make their own #AI. They equip developers with apps for building generative AI use cases such as digital humans, PDF data extraction, and virtual screening. https://t.co/RfkQldUA1S https://t.co/3xgahbA2kr",1828448007685095553,en,84,8,389,22,49,145253,,nvidia
1828108203403718938,['1828108203403718938'],2024-08-26T16:32:14.000Z,"From 400x faster simulations to 140x energy savings, see how NVIDIA‚Äôs CUDA GPU-accelerated computing is paving the way for sustainable computing.

Read more: https://t.co/YcEDlkEupx 
#CUDA #AI #SustainableComputing https://t.co/QG17p2O5rg",1828108203403718938,en,92,3,399,10,23,58884,,nvidia
1825602163956973585,['1825602163956973585'],2024-08-19T18:34:08.000Z,"Join NVIDIA experts at this year's #VMwareExplore, in Las Vegas. Learn how our collaboration with @VMware is transforming the #generativeAI landscape, offering platforms to accelerate AI adoption for enterprises across industries. https://t.co/xwQFQDNerk",1825602163956973585,en,32,1,168,1,3,37470,,nvidia
1823040395669803296,['1823040395669803296'],2024-08-12T16:54:35.000Z,NVIDIA intern David Martin‚Äôs mission is to improve tech accessibility for the deaf and hard-of-hearing community. Explore his journey championing AI for good. #NVIDIAlife https://t.co/95H4Hb5JYq,1823040395669803296,en,28,3,153,2,5,30184,,nvidia
1821650295669321785,['1821650295669321785'],2024-08-08T20:50:49.000Z,"We had an incredible week at #SIGGRAPH2024. See how SIGGRAPH is leading conversations on computer graphics, simulation and #AI as it expands beyond media and entertainment ‚Äî into huge industries like robotics, autonomous vehicles and scientific discovery. https://t.co/LenkOEKJtq",1821650295669321785,en,40,1,147,2,6,34441,,nvidia
1818741350181097560,['1818741350181097560'],2024-07-31T20:11:43.000Z,"Founders and CEOs of NVIDIA and @Meta discuss how open source is revolutionizing #AI. Dive into Jensen Huang and Mark Zuckerberg‚Äôs full discussion on how #OpenSource and generative AI are empowering an expansive enterprise ecosystem: https://t.co/zUksZEujks
#SIGGRAPH2024 https://t.co/4KHhSWhpmT",1818741350181097560,en,50,5,179,1,22,38206,,nvidia
1818701681766367378,['1818701681766367378'],2024-07-31T17:34:05.000Z,"Watch the replay of our CEO Jensen Huang and @Meta CEO Mark Zuckerberg's discussion on how fundamental research is enabling AI breakthroughs, and how #generativeAI and open-source software will empower developers and creators: https://t.co/zUksZEtLuU https://t.co/4oE9qKnmaZ",1818701681766367378,en,56,5,242,4,14,35692,,nvidia
1818069026662445309,['1818069026662445309'],2024-07-29T23:40:08.000Z,"Jensen Huang discusses the future of #AI-amplified human productivity, the energy efficiency of accelerated #computing, and the intersection of graphics and AI with @WIRED‚Äôs Lauren Goode. Catch up on all the news from #SIGGRAPH2024. https://t.co/97GE7EQaeW",1818069026662445309,en,82,10,390,11,37,218118,,nvidia
1818040370837483618,['1818040370837483618'],2024-07-29T21:46:16.000Z,"Live from #SIGGRAPH2024: Our CEO Jensen Huang and @Meta CEO Mark Zuckerberg chat on #AI and the next computing platforms. Watch the livestream to discover #generativeAI and virtual world breakthroughs, and how research is driving AI advancements. https://t.co/HXOSbm8q95",1818040370837483618,en,59,15,200,9,19,53491,,nvidia
1818029375222333793,"['1818022828459049270', '1818029375222333793']",2024-07-29T21:02:35.000Z,"Watch now: Our CEO Jensen Huang chats with @WIRED
Senior Writer Lauren Goode to explore accelerated computing, #generativeAI, and the research that‚Äôs fueling the next wave of innovation. #SIGGRAPH2024 https://t.co/8yML1QyIDz",1818029375222333793,en,45,0,169,5,12,40062,,nvidia
1817968248090251565,['1817968248090251565'],2024-07-29T16:59:41.000Z,"Our tech is boosting #energyefficiency across industries, cutting down #datacenter energy use. Innovations like liquid-cooled AI superclusters are setting new standards in eco-friendly tech. Learn more from @SeekingAlpha: https://t.co/OfH8FHeuUv https://t.co/AVxe6JdSeR",1817968248090251565,en,34,1,137,1,5,26137,,nvidia
1816876225522212873,['1816876225522212873'],2024-07-26T16:40:22.000Z,"Land an internship at NVIDIA: Linh Nguyen, who leads our campus recruiting teams, shares inside tips about how to stand out from the crowd. #NVIDIAlife https://t.co/8Fy5YieJfQ",1816876225522212873,en,26,6,132,0,19,29801,,nvidia
1816567929116459414,"['1816565751765192757', '1816567929116459414']",2024-07-25T20:15:19.000Z,"We are honored to share that our CEO, Jensen Huang, has been named a top 35 #HPC legend by @HPCWire for his visionary leadership and groundbreaking advancements in accelerated computing. https://t.co/aKi4OPs3gW https://t.co/6EaogdsOiI",1816567929116459414,en,51,4,334,5,3,38416,,nvidia
1816522379604197774,['1816522379604197774'],2024-07-25T17:14:19.000Z,"Join us at #SIGGRAPH2024 for two keynote presentations from our CEO and Founder Jensen Huang on Monday, July 29 at 2:30pm MT.

Don't miss #OpenUSD day, #GenerativeAI day, research panels, our Startup Innovation Zone, training labs, and more: https://t.co/k4kqrRN6G8  @Meta @WIRED https://t.co/5VYiagIaem",1816522379604197774,en,38,2,169,1,15,31966,,nvidia
1816153618757869864,['1816153618757869864'],2024-07-24T16:48:59.000Z,Accelerated computing and #AI are delivering #energyefficiency while reducing costs for many industries. Explore how NVIDIA technologies are tackling power demands from data centers and why accelerated computing is sustainable computing on our blog: https://t.co/raVmMG3Rcn https://t.co/RSUmZduUi6,1816153618757869864,en,34,2,166,3,8,32697,,nvidia
1815771808257499252,['1815771808257499252'],2024-07-23T15:31:49.000Z,"With NVIDIA AI Foundry, enterprises and nations can supercharge #generativeAI with a service that spans curation, synthetic data generation, fine-tuning, retrieval, guardrails, and evaluation to deploy custom @AIatMeta Llama 3.1 NVIDIA NIM Microservices. https://t.co/6GQrU92WFH https://t.co/1JVxosJPDZ",1815771808257499252,en,63,4,275,6,25,63923,,nvidia
1813964325167755730,"['1813963741903585444', '1813964325167755730']",2024-07-18T15:49:31.000Z,"Introducing Mistral NeMo 12B NIM, an advanced open language model for chatbots, multilingual tasks, coding and summarization. Created by @MistralAI and NVIDIA and runs on a single NVIDIA L40S and RTX GPUs. https://t.co/LrNF51hOXv #AI",1813964325167755730,en,61,13,232,6,16,52613,,nvidia
1813249197979599334,['1813249197979599334'],2024-07-16T16:27:51.000Z,"Meet Jennifer Marko, the NVIDIA designer creating the beautiful offices that empower NVIDIANs to do their life‚Äôs work. #NVIDIAlife https://t.co/pKMjp0sf4z",1813249197979599334,en,21,2,165,3,5,31079,,nvidia
1812901967687004601,['1812901967687004601'],2024-07-15T17:28:05.000Z,We‚Äôre excited to announce that our CEO Jensen Huang will be joined by @Meta CEO Mark Zuckerberg to discuss how research enables AI breakthroughs at #SIGGRAPH2024. Attend the discussion to learn about the intersection of #generativeAI and virtual worlds. https://t.co/rBvXjmfzCW https://t.co/a6CgMudYhX,1812901967687004601,en,291,34,1389,106,162,408328,,nvidia
1811496742849782209,['1811496742849782209'],2024-07-11T20:24:14.000Z,"Improved cancer diagnostics could be among the changes #generativeAI will bring to the healthcare industry, thanks to @paige_ai, the first company with an FDA-approved tool for cancer diagnosis. Learn more in the AI Podcast. https://t.co/uS3hafNklD",1811496742849782209,en,41,1,193,2,13,37057,,nvidia
1808255607994306872,['1808255607994306872'],2024-07-02T21:45:07.000Z,"Don‚Äôt miss this exclusive session on Tuesday, July 30 at #SIGGRAPH2024, covering the latest advancements from NVIDIA researchers in:

‚úîÔ∏ègraphics
‚úîÔ∏è3D
‚úîÔ∏èsimulation
‚úîÔ∏èrobotics

Register now: https://t.co/icgHrhzRGI
#AIResearch  #OpenUSD https://t.co/fc8RWprI6X",1808255607994306872,en,67,14,285,7,20,48380,,nvidia
1807817106739679444,['1807817106739679444'],2024-07-01T16:42:40.000Z,"Join our founder and CEO Jensen Huang and @WIRED's Lauren Goode in an insightful fireside chat to discover how #generativeAI and accelerated computing are transforming industries.

Monday, July 29, 2:30 p.m. MT at #SIGGRAPH2024. https://t.co/k4kqrRMyQA https://t.co/W7LcW8FD87",1807817106739679444,en,46,3,254,4,10,36532,,nvidia
1806729736309150043,['1806729736309150043'],2024-06-28T16:41:51.000Z,"NVIDIANs around the world recently enjoyed two free days ‚Äî extra days off each quarter when the whole company disconnects from work. Here‚Äôs how Ashwini Ashtankar, a senior tools development engineer, unplugged to recharge. #NVIDIAlife https://t.co/mAusrFqlGB",1806729736309150043,en,33,1,216,4,11,35179,,nvidia
1806357550343794748,['1806357550343794748'],2024-06-27T16:02:55.000Z,"Congratulations to our founder and CEO Jensen Huang for being recognized on @CarnegieCorp's 2024 list of #GreatImmigrants, Great Americans. Learn more: https://t.co/LlgxSH6g4D https://t.co/OA5BGrFBXV",1806357550343794748,en,69,9,501,13,15,51438,,nvidia
1805268436907344224,['1805268436907344224'],2024-06-24T15:55:10.000Z,"At #EEI2024, our CEO Jensen Huang joined @Edison_Electric Chair, President, and CEO Pedro Pizarro for a conversation about how accelerated computing improves data center energy efficiency, enhances grid resiliency, and reduces energy costs. https://t.co/KQ8ZLCAPBB",1805268436907344224,en,63,16,282,8,7,41745,,nvidia
1803113729040535906,['1803113729040535906'],2024-06-18T17:13:07.000Z,"Announced today, NVIDIA AI Computing by @HPE will enable enterprises of every size to gain an energy-efficient, fast, flexible path for sustainably developing and deploying #GenAI applications. Learn more: https://t.co/08YBuOQSYQ https://t.co/PfzTNtry7J",1803113729040535906,en,111,19,469,7,16,69883,,nvidia
1801736945246343458,['1801736945246343458'],2024-06-14T22:02:17.000Z,"We had an incredible week in Taiwan at #COMPUTEX2024, Asia's most important trade technology show, and the NVIDIA #AIsummit. Watch the highlights. https://t.co/qGw06GAb70",1801736945246343458,en,49,20,237,1,5,51376,,nvidia
1801666687386665214,['1801666687386665214'],2024-06-14T17:23:06.000Z,"Veronica Miller, a refugee from Eritrea now working at NVIDIA, feels like her family‚Äôs journey has come full circle. Discover how she‚Äôs thriving in her role as a technical program manager. #NVIDIAlife https://t.co/8XAyKbPPWA",1801666687386665214,en,30,1,175,2,3,40215,,nvidia
1801033872605335755,['1801033872605335755'],2024-06-12T23:28:31.000Z,"Announced at @Databricks #DataAISummit, NVIDIA GPU Acceleration is being integrated into Databricks‚Äô Data Intelligence Platform to boost the efficiency, accuracy, and performance of AI development pipelines. https://t.co/Qn7zosDJTg",1801033872605335755,en,65,1,281,5,8,46193,,nvidia
1800664223514538384,['1800664223514538384'],2024-06-11T22:59:40.000Z,"Get ready to be inspired as our Founder and CEO Jensen Huang and @HPE President and CEO Antonio Neri come together live at Sphere in Las Vegas for the #HPEDiscover Keynote, June 18, 9am PT. Mark your calendars for this once-in-a-lifetime experience. https://t.co/KhpeVKZlew https://t.co/SNzYQBc5CB",1800664223514538384,en,56,3,257,9,12,48201,,nvidia
1800564101195932038,['1800564101195932038'],2024-06-11T16:21:49.000Z,"We power the world's AI, and @NVIDIAGeForce RTX powers yours.

RTX AI PCs deliver advanced AI in gaming, creating, developing, and beyond.

Learn more about #AIonRTX: https://t.co/1nhqet6mBu",1800564101195932038,en,82,0,316,2,13,40996,,nvidia
1800198626922176887,['1800198626922176887'],2024-06-10T16:09:33.000Z,"At this year's #SnowflakeCloudSummit, our company and @SnowflakeDB announced new #generativeAI solutions that let enterprises tap into the power of their own data to gain powerful business insights. Read the announcement. https://t.co/JY1MGFm3e1",1800198626922176887,en,59,0,275,2,11,41068,,nvidia
1799116732251992545,['1799116732251992545'],2024-06-07T16:30:29.000Z,"At #SAPSapphire Orlando, our CEO Jensen Huang and SAP CEO Christian Klein announced @SAP is harnessing NVIDIA #generativeAI software and industrial digital twins in the development of next-gen enterprise applications for customers. https://t.co/jW3YquK7NP",1799116732251992545,en,48,0,230,6,8,45599,,nvidia
1798752423378395487,['1798752423378395487'],2024-06-06T16:22:51.000Z,"Revealed at #COMPUTEX2024, robotics players like BYD Electronics, Siemens, Teradyne, and Intrinsic (an Alphabet company), are leveraging @NVIDIARobotics to advance AI-powered robots, transforming sectors like manufacturing, healthcare, and transportation. https://t.co/KfsK6gqCin",1798752423378395487,en,54,2,204,1,7,36197,,nvidia
1798389988326867205,['1798389988326867205'],2024-06-05T16:22:40.000Z,"The world‚Äôs top computer manufacturers joined us to unveil the latest NVIDIA Blackwell-powered systems, including the NVIDIA GB200 NVL2, to lead the next industrial revolution at #COMPUTEX2024. Read the press release to learn more. https://t.co/ant32HOSst",1798389988326867205,en,94,3,384,6,17,48364,,nvidia
1798385492796264679,['1798385492796264679'],2024-06-05T16:04:48.000Z,.@Voicemod collaborated with us on this #AI text-to-song that played at the closing of Jensen Huang‚Äòs keynote at #COMPUTEX2024. Check out the full version: https://t.co/OS8ylW3IPH,1798385492796264679,en,43,3,170,0,9,35306,,nvidia
1798082304361038100,['1798082304361038100'],2024-06-04T20:00:02.000Z,"#COMPUTEX2024: AI assistants come to life on @NVIDIAGeForce RTX AI PCs. Learn about #AIonRTX news including Project G-Assist, an AI assistant for games &amp; apps, ACE PC NIMs, Windows Copilot Runtime to add RTX acceleration to SLMs &amp; RAG, AI laptops + more: https://t.co/VGGajY12rM https://t.co/hCAzjbSl2U",1798082304361038100,en,60,5,325,6,8,51145,,nvidia
1798028284703408300,['1798028284703408300'],2024-06-04T16:25:23.000Z,Just announced at #COMPUTEX2024: 150+ partners across every layer of the AI ecosystem are revolutionizing model deployment for enterprise applications with NVIDIA NIM inference microservices. https://t.co/hbuxX38EEz,1798028284703408300,en,60,1,266,2,9,43899,,nvidia
1797668665799696591,['1797668665799696591'],2024-06-03T16:36:23.000Z,"Check out the announcements shared by our CEO Jensen Huang‚Äîfeaturing new semiconductors, software and systems to power data centers, factories, consumer devices, robots and more. #COMPUTEX2024 #acceleratedcomputing https://t.co/zxy2zITERl",1797668665799696591,en,96,6,428,11,20,65673,,nvidia
1797220366974058909,['1797220366974058909'],2024-06-02T10:55:00.000Z,Watch our CEO Jensen Huang's live keynote at #COMPUTEX2024. Discover how the era of #AI is driving a new industrial revolution across the globe. https://t.co/Pab6klI6g1,1797220366974058909,en,267,32,885,58,90,336085,,nvidia
1796586759716790577,['1796586759716790577'],2024-05-31T16:57:17.000Z,"We‚Äôre counting down to our CEO Jensen Huang's live keynote at the NTU Sports Center in Taiwan ‚Äì are you ready? Don't miss the chance to hear the latest in #AI on Sunday, June 2 at 7:00 p.m. CST. https://t.co/0wKMDcuJbx #COMPUTEX2024 https://t.co/LsQAGgs8g8",1796586759716790577,en,123,0,482,22,25,93134,,nvidia
1796334411530563916,['1796334411530563916'],2024-05-31T00:14:32.000Z,"Watch our CEO Jensen Huang at #CadenceLIVE as he discusses the pivotal role of #AI and accelerated computing in shaping industry mega-trends and how our collaboration with @Cadence drives transformational change across EDA, SDA, digital biology and AI. https://t.co/tsJF2XcxH8",1796334411530563916,en,75,0,242,8,19,57905,,nvidia
1796228802529415301,['1796228802529415301'],2024-05-30T17:14:53.000Z,"We're honored to be named among @TIME‚Äôs Most Influential Companies of 2024. Thanks to our partners and customers, NVIDIA continues to shape the future of AI. #TIME100 https://t.co/FAxAzlgttS",1796228802529415301,en,108,13,681,9,18,64374,,nvidia
1795875747686658235,['1795875747686658235'],2024-05-29T17:51:58.000Z,"Toy Jensen (TJ) was first introduced in the GTC 2021 November keynote. He's a photorealistic, lifelike autonomous toy avatar powered by NVIDIA AI technologies that responds to challenging domain-specific questions.

Share your favorite keynote moment with #NVIDIAkeynote. https://t.co/AbKU4z27qx",1795875747686658235,en,65,6,311,8,14,53675,,nvidia
1794145168519778553,['1794145168519778553'],2024-05-24T23:15:16.000Z,"We‚Äôre honored to rank #1 for corporate reputation among the most visible brands in America, according to 2024 Axios Harris Poll 100.",1794145168519778553,en,105,9,470,8,14,112853,,nvidia
1793460633800712630,['1793460633800712630'],2024-05-23T01:55:10.000Z,"Get ready to be inspired as our founder &amp; CEO Jensen Huang and @HPE President &amp; CEO Antonio Neri come together live at Sphere in Las Vegas for the #HPEDiscover Keynote on June 18, 9am PDT. https://t.co/1LnIOxvxHQ https://t.co/ys6VXGSphR",1793460633800712630,en,50,3,268,7,10,64037,,nvidia
1793307862116221204,['1793307862116221204'],2024-05-22T15:48:07.000Z,"NVIDIA CEO Jensen Huang will be back in Taiwan for #COMPUTEX2024. In anticipation for his upcoming keynote on June 2nd, we reflect on some of our past favorite #NVIDIAkeynote moments. 

Leave a comment sharing your favorite #NVIDIAkeynote moment.

Learn More: https://t.co/BwE5F0MTCg",1793307862116221204,en,81,41,374,21,17,81295,,nvidia
1793062685497569550,['1793062685497569550'],2024-05-21T23:33:52.000Z,"At Microsoft Build, NVIDIA is showcasing integrated solutions with Microsoft Azure and Windows PCs, simplifying AI model deployment and optimizing route mapping and app performance. #MSBuild

Learn More: https://t.co/PjehQENCfq. https://t.co/NL962Ms68T",1793062685497569550,en,120,43,535,3,12,78752,,nvidia
1792698989671821611,['1792698989671821611'],2024-05-20T23:28:40.000Z,"NVIDIA joined a $110 million AI partnership between Japan and the United States that includes an initiative to fund research through a collaboration between the University of Washington and the University of Tsukuba. 

Learn more: https://t.co/7xvl00EyXf. https://t.co/Md1e1zh1kS",1792698989671821611,en,86,30,335,5,14,63905,,nvidia
1791570813021261841,['1791570813021261841'],2024-05-17T20:45:42.000Z,"Discover NVIDIAN Aparna Chhajed‚Äôs impact on vision AI pipelines as she manages software development kit releases on the NVIDIA DeepStream team. #NVIDIAlife 

https://t.co/EIEXKpFXbZ https://t.co/jVns9iid9G",1791570813021261841,en,47,22,195,2,4,54103,,nvidia
1791222369408680174,['1791222369408680174'],2024-05-16T21:41:06.000Z,"Following an announcement by Japan‚Äôs Ministry of Economy, Trade and Industry, NVIDIA will play a central role in developing the nation‚Äôs generative AI infrastructure as Japan seeks to capitalize on the technology‚Äôs economic potential and further develop its workforce.

Learn https://t.co/QuKv9WmAjk",1791222369408680174,en,97,24,421,16,28,73194,,nvidia
1791136533321310545,['1791136533321310545'],2024-05-16T16:00:01.000Z,"BioHive, an engine powered by NVIDIA #AI to speed the work of scientists in healthcare, rose more than a hundred spots on the TOP500 list of the world‚Äôs fastest supercomputers. 

Learn more: https://t.co/dFnSwVRr36 https://t.co/hzvCuof9CM",1791136533321310545,en,39,6,174,4,11,38258,,nvidia
1790778462585987077,['1790778462585987077'],2024-05-15T16:17:11.000Z,"Create AI-powered applications easily with world-class performance: @Google Gemma 2 and PaliGemma, will be optimized with NVIDIA TensorRT-LLM. 

In addition, Gemma models will be available as NVIDIA NIM inference microservices from https://t.co/X5st0KHsg1. #GoogleIO

Learn more: https://t.co/50xLh0VKLl",1790778462585987077,en,95,13,448,7,30,60309,,nvidia
1790486355094413447,['1790486355094413447'],2024-05-14T20:56:27.000Z,"Congratulations to the @openai team on the launch of GPT-4o! We‚Äôre proud that #NVIDIADGX contributed to this next era of #AI innovation. https://t.co/EbYFRY0nOf

https://t.co/WaowjNfVBZ",1790486355094413447,en,64,22,406,4,22,51770,,nvidia
1790411975916474410,['1790411975916474410'],2024-05-14T16:00:53.000Z,"On June 2, Jensen Huang will deliver a live keynote at the NTU Stadium in Taipei on Sunday, at 7:00 p.m Taiwan time.    

NVIDIA is also hosting the #AISummit in Taiwan on June 5, where attendees will get valuable insights on AI from over 30 sessions and live demos in https://t.co/MxMUEDJkaZ",1790411975916474410,en,58,26,331,8,21,51785,,nvidia
1790059877521395736,"['1790057462826958893', '1790059877521395736']",2024-05-13T16:41:47.000Z,"Nine new supercomputers worldwide are using NVIDIA Grace Hopper Superchips to speed scientific research and discovery, driving a fundamental shift in the high-performance computing industry toward AI-powered systems. https://t.co/Tl6VhpXQcZ",1790059877521395736,en,54,11,325,6,17,45034,,nvidia
1789052136698872046,['1789052136698872046'],2024-05-10T21:57:23.000Z,"Linz, Austria-based startup, is revolutionizing maritime safety with NVIDIA's edge AI and computer vision technology, creating a safer journey on every wave. https://t.co/oaVJjqVTuw",1789052136698872046,en,24,15,132,2,6,46109,,nvidia
1788700927790047348,['1788700927790047348'],2024-05-09T22:41:48.000Z,"Discover how you can utilize AI models for healthcare using NVIDIA NIM, a collection of cloud-native microservices, that integrates with Amazon Web Services.  https://t.co/Ui4WRtUJrG",1788700927790047348,en,31,15,173,2,6,46627,,nvidia
1788327175151591721,['1788327175151591721'],2024-05-08T21:56:38.000Z,"At #Know24, @ServiceNow showcased its #AI avatar of the future for enhanced customer service, powered by NVIDIA AI Enterprise software. https://t.co/wIGBUowFOH",1788327175151591721,en,37,16,184,2,5,46384,,nvidia
1787940775508025597,['1787940775508025597'],2024-05-07T20:21:13.000Z,"Nonprofit @MITREcorp is implementing a new NVIDIA DGX SuperPOD system that will provide researchers access to massive computing leaps to produce generative #AI advances in climate science, healthcare and cybersecurity for the U.S. government. https://t.co/j5dQ6x1wMK",1787940775508025597,en,40,0,142,2,3,43805,,nvidia
1787880776396145030,['1787880776396145030'],2024-05-07T16:22:48.000Z,"NVIDIA has been recognized again as one of the top adoption-friendly workplaces by the @DTFA for Adoption. We support our employees as they build their families, including adoption, fertility testing, IVF treatment, surrogacy, and beyond. https://t.co/Wk0kWOcFIN #NVIDIAlife https://t.co/sxgjYB1Srh",1787880776396145030,en,33,12,160,3,5,65104,,nvidia
1786425487792722414,['1786425487792722414'],2024-05-03T16:00:01.000Z,The Silicon Valley YWCA honored five NVIDIA leaders for outstanding achievements in their fields. Learn how they‚Äôre helping NVIDIA solve the world‚Äôs greatest challenges. #NVIDIAlife https://t.co/FCGklmq96H,1786425487792722414,en,26,0,129,1,6,38921,,nvidia
1785061532197416982,['1785061532197416982'],2024-04-29T21:40:08.000Z,".@60Minutes features how NVIDIA and AI are creating new opportunities across fields like healthcare, robotics and more. Get a glimpse into how accelerated computing and #AI are reshaping industries. https://t.co/g7sBeE1sQt",1785061532197416982,en,73,7,415,8,28,63482,,nvidia
1783166913478074456,['1783166913478074456'],2024-04-24T16:11:36.000Z,"To help customers make more efficient use of their #AI computing resources, we entered into a definitive agreement to acquire Run:ai, a Kubernetes-based workload management and orchestration software provider. https://t.co/tChKfOrj9P",1783166913478074456,en,74,0,347,8,16,54074,,nvidia
1782847764508078134,['1782847764508078134'],2024-04-23T19:03:25.000Z,"Announcing our collaboration to accelerate @Microsoft's new Phi-3 Mini open language model with NVIDIA TensorRT-LLM. https://t.co/30MmbjYLTM

Developers can try Phi-3 Mini with the 128K context window at https://t.co/X5st0KGUqt.",1782847764508078134,en,140,1,710,15,69,123986,,nvidia
1782446123837243524,['1782446123837243524'],2024-04-22T16:27:26.000Z,"Sustainable Futures, an initiative within the #NVIDIAInception program for startups, supports 750+ companies focused on agriculture, carbon capture, clean energy, climate and weather, environmental analysis, sustainable infrastructure and more. #EarthDay https://t.co/kNXDIdMvlx",1782446123837243524,en,31,8,180,6,4,44161,,nvidia
1781008806383611990,['1781008806383611990'],2024-04-18T17:16:03.000Z,"Meta Llama 3, the latest open #LLM from @Meta ‚Äî built with NVIDIA technology ‚Äî is optimized to run on our GPUs from the cloud and data center to the edge and the desktop. https://t.co/OVHdlNNok5",1781008806383611990,en,113,6,511,10,24,63959,,nvidia
1780689559161876608,['1780689559161876608'],2024-04-17T20:07:29.000Z,"Congratulations to our founder and CEO Jensen Huang for his recognition on the #TIME100 Most Influential People of 2024. Read the @TIME tribute by Mark Zuckerberg.
 https://t.co/1JKeh4nmYw",1780689559161876608,en,104,9,580,14,20,74570,,nvidia
1780634858097713363,['1780634858097713363'],2024-04-17T16:30:07.000Z,"Discover how Camir Ricketts, NVIDIA research scientist and engineer, drives innovation and turns his experiments into impact. #NVIDIAlife https://t.co/ToKe6TzTBD",1780634858097713363,en,22,0,121,4,4,39820,,nvidia
